day,pressure,maxtemp,temprature,mintemp,dewpoint,humidity,cloud,rainfall,sunshine,winddirection,windspeed
1,1029.290904,33.55538463,25.58464049,26.15712773,13.62651463,94.59461679,15.20939761,no,5.088970161,67.92281369,18.33342155
2,1022.644333,23.19789883,24.23853822,28.34069774,17.64819184,82.49875466,82.3675843,yes,1.510745939,33.99242746,24.92631153
3,1019.437616,25.68071955,30.4390485,25.9694991,16.33284135,69.55026339,35.64408886,no,6.084109873,77.64662054,19.64819457
4,1016.388285,21.75418918,31.73549101,20.23363895,15.9758318,84.49477784,74.83340612,yes,3.209556914,92.68525384,27.10241328
5,1026.750984,23.29053777,24.52730708,24.71963499,16.59139178,98.67178934,94.88954469,yes,2.972656892,99.88415182,26.68027146
6,1025.478443,32.57254456,24.12431478,18.77039228,18.21800874,98.51111766,13.63458137,no,0.977378871,75.63998212,27.17699495
7,1021.022908,32.97010974,23.22466166,27.65526721,14.94681707,75.72904286,79.19343098,no,9.789391898,99.41416403,14.11993212
8,1029.574433,21.45035203,22.86365764,29.2071408,16.04184059,72.82507486,15.44193047,no,4.959969462,13.23872822,28.72003612
9,1023.640966,21.22326396,23.74678227,26.76666622,15.4370739,90.48565567,73.00404478,no,9.161881608,74.28853775,8.171300479
10,1019.647774,23.98052858,29.08863886,23.80294661,18.302693,74.40481204,59.21234753,no,7.908095389,55.79837507,
11,1012.856175,24.78697396,26.78566587,21.32726227,18.34249355,91.9765562,95.80442994,yes,1.417994068,95.19989539,28.90534034
12,1017.369226,23.92463664,25.62826399,26.60299733,19.06383278,83.55759864,91.286492,yes,1.788228178,9.510495649,25.25893449
13,1024.03233,20.54094375,21.53132839,19.21961203,16.4261086,96.95183307,90.26833029,no,6.002219069,41.03169327,1.01547849
14,1028.155753,30.41869787,23.87521339,19.83124763,16.06382848,99.66273429,39.76699863,no,6.912254051,49.86320624,5.38832222
15,1011.903013,33.82329236,31.96259551,27.57537679,11.70743023,84.02135536,29.30745802,no,9.30585816,67.9187395,14.40763242
16,1011.733013,21.14917755,27.87654716,17.40936413,15.61833602,91.05737503,16.94040542,no,9.864412643,98.12864139,27.32492041
17,1013.633467,34.17319862,29.61950489,27.88244185,12.76700042,79.69553365,74.6284567,no,2.330641083,1.969374594,19.55494596
18,1020.469086,21.049533,27.40577383,16.82185834,16.95157835,84.60152938,41.10125119,no,1.138411427,,8.882718472
19,1023.990156,32.4794703,28.87322802,19.49231328,17.74852588,97.15777314,12.96533899,no,4.259436027,29.95990263,9.586691415
20,1023.025774,31.35931694,31.39472673,28.51197986,18.52820033,80.1418542,26.42071072,no,5.767245053,64.06144683,29.08224612
21,1025.997728,29.93723958,31.88677128,26.0404547,19.29783177,72.22700664,39.29122601,no,4.980900175,42.20645062,29.21534894
22,1028.85847,27.14818247,21.98323415,22.05396661,14.24758501,68.93865471,90.34208869,no,0.174802729,46.98483143,5.043860912
23,1022.706109,20.11714297,22.27411392,28.60602612,19.03789863,89.7403848,81.67373835,yes,4.498199093,94.3473001,25.25950094
24,1011.484254,24.16084366,29.52196332,29.43936363,13.79536307,95.86333908,38.1542738,no,9.371855095,92.11162081,12.53895004
25,1010.679084,33.0623522,29.65926492,15.14211286,19.25770555,64.18826609,96.81880612,no,0.238683855,8.39318856,10.34264599
26,1022.602368,30.47611474,24.64739876,21.82156481,17.53360528,70.71961567,55.10225766,no,1.401306865,31.79851033,9.4501757
27,1017.200289,23.68265315,22.17238047,23.45783058,16.72993176,94.48899719,79.7876722,yes,1.073720392,25.00609546,26.75533928
28,1026.806301,28.10742108,25.2566457,17.87745384,18.2335365,98.5965364,77.90086169,no,1.228847758,65.18124139,22.37492701
29,1022.479679,20.99666611,24.69176979,24.41756111,17.72346394,95.52667565,82.80303927,yes,1.422974876,83.73816637,27.2091381
30,1010.435414,25.84283003,29.63538243,17.61122253,14.61264199,64.92185309,67.81693786,no,0.448867961,80.49058239,5.462016152
31,1023.945336,30.64836525,27.20088807,22.60163517,13.25241821,98.27708266,88.16764713,no,1.821620897,38.25085829,8.513838226
32,1019.985965,23.30139212,28.30558877,28.42701151,18.62280193,92.75637938,72.79021115,yes,2.327669598,64.21277969,25.63107037
33,1013.333764,33.96862587,29.33301113,16.17041444,19.74927301,66.03959255,0.405486749,no,5.508082107,82.30534638,23.68292351
34,1021.4248,21.74364033,27.80733972,26.14519199,15.19303313,93.69424413,80.93434382,yes,4.703489124,51.66430671,27.17323725
35,1021.325286,23.80105584,22.25193282,18.32207702,16.47488755,88.13116001,72.21852197,yes,2.450511162,65.4022152,23.77977686
36,1014.180296,27.53562715,30.80247498,29.50147621,14.80646922,77.90962913,52.08901581,no,0.115413693,24.0011327,8.421524
37,1018.655205,30.95895166,28.34055804,17.15821553,13.82960916,86.82470059,23.19453807,no,1.748869712,53.20502304,29.58642131
38,1025.272107,32.97621452,20.84891705,17.08391986,12.36738233,95.76758405,26.74222389,no,7.033433327,25.35565778,7.303907919
39,1025.74754,21.74954101,18.09431984,27.49188042,17.58279432,99.1190227,75.45561613,yes,4.429972401,74.50371154,24.9620812
40,1010.534588,28.98801671,19.74505123,17.91603528,16.03208101,85.83736482,12.435921,no,1.182962653,56.26575461,17.12727013
41,1013.504267,20.9509407,23.4897993,15.36620848,18.55434233,86.21126359,76.36645021,yes,2.122074486,89.97214737,25.12192337
42,1029.037228,20.83568716,29.07285624,20.52665092,19.88534721,96.12678492,75.82429348,yes,1.999578369,87.27720216,28.51544081
43,1025.205387,22.41732168,29.69258188,20.32159351,18.693487,82.36022205,72.79078905,yes,1.392695818,89.73323193,23.75947037
44,1026.912075,25.33224408,32.76525783,15.72276112,15.60348386,64.18730273,41.47317149,no,6.646043147,94.24093363,7.787176383
45,1027.354966,29.38994833,19.58618953,17.26459462,14.58200473,62.13842747,4.469937423,no,0.161576742,72.77112407,12.56539531
46,1011.014858,30.01051576,20.18064463,19.48656515,10.75963248,74.81270001,56.63581142,no,1.882259381,54.90576805,25.54506659
47,1013.91915,20.04991851,29.98907493,23.66119858,17.52377352,96.16876952,72.72953802,yes,2.145632178,55.41530457,26.47489985
48,1016.828231,27.20686676,20.40813108,24.04273351,17.72779551,92.67040851,12.08479857,no,8.881353725,24.04573872,21.73673219
49,1014.387983,29.42635701,20.71098281,22.40833323,17.85819213,88.96224271,76.63260781,no,1.797190903,56.13431961,15.91571412
50,1017.729793,33.39173227,24.20449748,28.0419252,17.00525417,76.18218255,58.74921273,no,1.547092145,46.53781586,18.29529583
51,1025.718879,31.05366753,31.48814364,25.42659097,15.77851268,64.90400345,63.09001207,no,2.00186153,40.30849646,25.77129435
52,1010.637799,22.81967674,18.7990634,26.66455324,15.86580495,68.33486258,15.15899208,no,2.718833274,10.88487688,10.17975009
53,1020.255318,34.69133361,31.20503482,20.09594988,19.23873577,92.64796676,99.48282369,no,3.039963813,46.99742866,24.52005085
54,1024.599518,23.02190424,27.12531682,19.75990483,17.47472543,82.9554866,75.83367565,yes,1.191939907,61.05862846,24.76523851
55,1020.31072,34.33388799,24.18747029,23.6282058,14.87457639,75.21706651,96.31558674,no,7.561787364,22.03796049,18.00708882
56,1027.740299,22.15455943,32.49968145,21.9389079,15.09308762,95.78370111,99.54501695,no,5.165191452,26.598995,7.683753848
57,1021.289197,29.98288032,22.61501136,18.72601693,19.60031977,94.36475338,19.14385705,no,5.930993712,35.11761539,25.73142703
58,1013.128019,24.59533081,27.30305039,18.90877785,18.35670366,89.78694142,74.72617337,yes,0.672540903,4.33606102,25.4565125
59,1029.656545,24.08166894,32.08862313,29.81014853,17.09647035,97.61584314,86.27580668,yes,4.703437783,22.04893346,26.49020198
60,1026.965424,33.28756262,29.80485479,25.60908619,19.94430372,94.29910135,84.4826292,no,4.934668374,66.8989905,20.42593546
61,1011.689346,23.93647837,23.82084784,28.30391195,16.31254289,81.61977828,77.09044231,yes,1.909871651,9.525126977,21.84820659
62,1019.100209,24.19362702,25.84820275,23.99826545,18.85835989,94.89653961,78.89149923,yes,3.337264551,67.91418537,29.21713681
63,1029.739741,33.7537359,24.5507674,16.96462018,10.89381707,64.8281214,77.18278431,no,1.303436613,20.99403397,2.134542653
64,1024.023818,33.80626733,30.40500844,25.67711984,12.40292173,66.82842513,53.11091986,no,6.198544777,26.51680017,4.419715204
65,1012.713439,31.3226547,31.01324524,24.80022119,10.09056171,79.31732978,89.0255889,no,9.405017266,83.05436789,29.30594468
66,1016.137795,21.98311524,22.10194025,15.96634484,17.13574418,80.16641744,99.43656655,yes,1.14029334,57.53182519,29.18578973
67,1014.032692,34.2699918,21.60503119,18.15925323,15.96068755,78.98516058,24.74961648,no,0.287677902,83.03810259,16.02836971
68,1023.204056,25.5363727,30.33892843,28.15173936,18.52523909,97.58521075,14.01225934,no,8.942714516,70.8777167,6.865575209
69,1021.592931,30.56295757,31.97200668,17.12359035,13.35448781,84.14105641,59.1482879,no,3.996742746,4.835144391,12.19905887
70,1015.661672,25.61718075,22.98612961,18.22180626,10.0022625,69.8884709,54.09587491,no,7.43908214,68.34629468,16.11731406
71,1023.864607,20.65652119,31.56169491,19.51624322,16.85718869,89.71932457,7.165467374,no,1.97954783,77.1027747,2.621195598
72,1023.412028,30.06674765,23.26723537,21.54082446,14.70223026,66.7285479,27.12012907,no,3.028526682,54.07062299,9.984467755
73,1015.195643,21.37223012,26.1339576,28.96463663,14.0662837,68.53522578,68.30956674,no,9.695965834,26.70835893,22.33843595
74,1011.011452,21.67851972,28.57007921,23.43469062,17.91526509,98.97276311,70.91745322,yes,3.25323097,3.849682492,25.36980771
75,1011.592109,26.87792531,32.53787786,28.40665824,12.80771858,88.71295905,40.13546426,no,5.170293694,98.39716468,16.34373533
76,1022.419273,32.76172351,29.06514364,26.13271208,14.04970791,95.43257982,84.18304342,no,1.07230492,86.1962601,25.24741201
77,1013.304287,32.30201515,22.90416835,18.64543112,11.71801736,83.2023173,5.55694112,no,8.039213985,30.2484282,20.42947629
78,1029.632339,24.31287817,24.8454969,24.95836501,11.14922257,83.00909683,70.02035154,no,9.541416661,53.69315059,26.29450593
79,1027.991658,31.98019861,23.04167836,15.57563142,17.45784512,84.52269726,16.95694773,no,0.550456214,1.673503865,18.40233772
80,1021.126358,22.10538676,19.63268503,24.84877452,19.49511051,99.48553625,88.5694228,yes,0.267415067,75.69657853,24.75830479
81,1026.614722,30.09306387,23.73556959,24.61888788,12.48100195,70.82231263,14.8980313,no,4.338077662,59.94162063,5.796645339
82,1015.105932,21.22200097,18.5854129,18.390058,16.91738954,84.00793661,81.48022516,yes,4.929924712,21.16226777,23.04806498
83,1029.144334,30.10867383,18.05681799,19.72550634,18.64889317,75.16349272,46.93318936,no,5.877616522,18.7722049,1.643961363
84,1021.150541,22.48750146,28.38366043,27.26966458,17.87766577,81.07250533,78.09591682,yes,0.912293081,79.70419692,26.2942248
85,1011.189366,23.39761243,32.54236402,26.9621439,16.97768057,82.35317,86.83300564,yes,3.490615479,56.41841232,25.32094978
86,1028.536697,23.31004354,32.52214647,27.33075293,15.0732479,97.95889701,99.04210405,yes,2.020244755,10.27640005,25.19867212
87,1021.683557,24.12269361,30.64612465,19.2065121,14.05453559,65.9751956,92.82727636,no,6.945893998,46.6227807,7.492447253
88,1026.053487,20.99435228,29.22056638,15.51497196,17.35134613,94.31441211,78.78044328,yes,3.76239541,53.93305209,27.58721476
89,1011.801487,23.13548645,22.0264067,23.66538782,15.65141804,83.29352941,87.60253251,yes,0.428542917,32.56551744,25.13472713
90,1027.298944,31.07480688,27.49364401,25.78043138,19.86556563,87.16129029,1.280034303,no,8.908799615,23.4124294,21.38213433
91,1014.515501,22.89244458,27.74261069,24.23329266,19.47283216,83.90465407,88.17959515,yes,2.285725436,27.31637483,26.2506366
92,1026.576144,20.49535481,20.3683146,24.21132955,17.94338187,84.99558847,96.71547315,no,6.906939893,6.739645801,2.903299033
93,1015.379976,25.04383089,32.50660363,25.82643905,16.66573517,81.10778438,86.92979819,no,0.796475317,98.47202952,27.05028185
94,1016.351384,28.01239435,21.7608541,26.58681042,15.44585696,83.35999884,36.46485064,no,7.078542067,55.23197514,4.826323695
95,1026.169452,24.41908542,28.94516859,23.99427942,15.43624545,93.66053804,86.81711797,yes,0.270489071,4.486436651,28.70204634
96,1013.970688,34.10326358,31.68334952,24.09047339,13.87934458,76.94937167,77.12350966,no,2.152186034,62.19019679,22.4208208
97,1019.527063,21.02227531,20.11139732,22.38810131,15.97151254,85.93257478,70.27443988,yes,3.984060952,6.042570914,24.86852774
98,1025.255031,23.00954383,21.00543766,19.20809103,18.81218191,89.15002189,71.61637521,yes,4.671717018,71.1053419,27.58717733
99,1028.124225,22.73634226,18.12070649,28.00033724,13.52205153,88.0758416,2.456769752,no,6.097337922,55.09375687,26.79189069
100,1020.716295,20.27564863,25.58694768,28.64149707,15.9313549,70.84102775,4.155049847,no,3.252031767,56.62748116,23.01461696
101,1013.153531,33.24177727,23.28088143,20.22682656,17.77648485,65.91044015,91.44826318,no,6.556668483,49.78346054,6.159230066
102,1026.135448,23.32585229,23.87765679,15.13211846,19.54173,92.13931709,86.95012541,yes,2.674242483,92.35668027,28.0785582
103,1015.818564,34.26255188,22.16000539,20.17477182,17.39282897,92.27164282,18.69587928,no,3.928139874,91.49703989,1.427177846
104,1025.01883,22.58525447,22.31990131,18.00750568,19.8223827,81.5977572,91.18653495,yes,4.50382268,13.79571905,25.12525407
105,1012.228166,22.79012993,21.64945874,26.44220769,19.46695696,88.63791403,86.64889317,yes,1.223805117,13.27868835,27.33074501
106,1016.914205,34.73234936,18.2361653,15.45249891,12.10969122,92.16480585,9.667798318,no,8.849198539,70.67707765,28.04715658
107,1021.944963,23.5786836,30.65014393,28.04187297,19.02467646,81.50331725,77.64073662,yes,2.864017627,49.70709017,29.38336133
108,1028.722871,30.53729984,20.96834181,21.02847261,14.30916844,79.93984723,97.5165224,no,6.409487675,45.88524532,17.94482342
109,1027.877338,31.25702506,31.65150034,22.36232591,15.41530015,83.61870416,40.32546341,no,0.260999086,45.92331146,26.50768396
110,1021.229072,21.02792027,28.42936379,15.3040068,15.70660728,92.8156089,57.69690277,no,0.735592661,70.65581337,22.1445418
111,1017.193027,24.46120699,23.08822952,21.50855668,14.82545612,76.78985919,39.45837042,no,6.788836866,37.4599971,21.62004141
112,1029.851922,24.78761397,28.85670868,20.95120625,17.10392253,80.60299722,86.69042354,yes,4.995092021,99.1180836,27.24951413
113,1010.556098,21.21564742,20.99715074,24.98996889,18.30901104,93.25097833,98.31465768,yes,1.518100929,2.094190413,29.29868893
114,1023.922184,31.20683821,22.86134695,17.80032242,11.87044267,96.21740138,58.49350225,no,6.330407634,99.90517029,18.51394157
115,1016.94658,29.14475658,26.23584681,26.56739093,16.03332951,91.04440045,24.95733756,no,8.950591887,95.41963693,12.10888901
116,1020.562997,21.02305403,30.06064387,16.2405082,16.26843615,94.11790233,89.94583858,yes,1.177636353,19.88129984,25.6041834
117,1029.24101,22.42883335,23.69914027,19.82390959,17.82369964,96.92254009,87.7404078,yes,1.599326047,15.21696705,22.89306298
118,1026.351122,20.44702726,32.39884027,27.67411911,17.91898354,98.67260702,77.13108677,yes,1.499128924,84.76681329,28.91481111
119,1013.311861,26.63584441,27.35134954,25.36264362,16.93781919,64.25818821,36.96768522,no,6.119749316,49.67221394,0.730443184
120,1023.400276,23.1597148,31.20078143,23.48843688,15.45614596,84.754482,75.25877483,yes,4.054291469,75.054506,24.71204269
121,1018.584024,23.13115929,32.92118382,20.48531743,18.76843625,85.79552599,77.48573056,yes,2.811197416,43.65173018,21.20636525
122,1020.374579,28.47740508,30.34556259,22.44980683,18.66663282,60.70534719,39.88194096,no,5.329163118,73.7802721,29.95266753
123,1014.110005,34.14822721,19.33048583,20.30202264,11.52099084,78.88715376,56.6723513,no,4.147233128,10.78010548,6.7923557
124,1011.425174,21.24916016,25.88738115,19.1604203,14.46381511,81.91753876,59.61719712,no,7.936372871,89.1468653,20.27255914
125,1024.435509,23.29620111,24.10219608,21.02765337,16.51937375,92.44731807,34.78183935,no,7.771570006,95.20997171,23.07179379
126,1012.61808,33.63715495,19.32281618,27.77528348,12.30425421,62.93869205,40.70457956,no,4.082231003,77.89928977,9.042299322
127,1020.251124,21.37992055,22.43930495,23.33490708,18.50350225,92.97261146,83.62685763,yes,3.673736276,44.80663281,20.13947389
128,1029.919748,24.13835089,24.7436241,26.1106821,18.35229811,99.79156144,97.98811184,yes,3.504274288,26.22450029,20.96191663
129,1012.813155,32.77745016,20.57228716,21.35261444,18.51245185,68.42796997,75.93814958,no,8.196104307,14.6285463,7.475843284
130,1011.809465,32.28728302,32.10107169,27.79058263,15.37759599,67.37313343,44.11024942,no,3.515311326,11.5839568,5.023668702
131,1010.974743,22.32880887,21.3849859,18.79090985,15.00029811,72.23557522,13.51047464,no,1.640849404,83.50223544,17.46283605
132,1013.300867,31.11130412,32.51213854,26.01220943,19.30376324,83.42019185,37.4705352,no,8.700579535,62.43779738,15.87848346
133,1014.609365,28.2901787,25.7386243,18.8119476,17.45375141,97.37118071,93.62922549,no,8.012600852,38.61289088,10.94685362
134,1020.382699,26.47025756,25.37366629,28.40783471,10.22125048,79.1549714,91.32685084,no,3.594700577,55.96778379,10.39949044
135,1021.543262,28.31347655,27.86780454,16.59118847,14.28051048,97.97930806,90.22671303,no,0.106673922,8.127575103,23.1158124
136,1017.486864,33.46572297,28.57985238,19.05365654,11.82638049,78.27974595,17.38002538,no,1.874933369,3.068702106,4.150963725
137,1029.034015,23.11314831,23.49767896,20.77955359,14.55932782,65.15946274,8.373618936,no,4.107242123,14.92199286,7.19882162
138,1014.891509,34.12835796,22.39622357,29.96181882,13.16225887,96.39570537,0.387928217,no,1.431735712,99.89488282,0.980146247
139,1013.829277,23.44051621,23.92673913,16.70953294,19.07970309,84.4596224,79.3568361,yes,4.393724365,77.05023289,21.4529129
140,1027.091488,33.3640424,30.49575485,24.00907314,14.96688413,61.57194022,3.73131116,no,5.769288386,13.33629727,17.74722312
141,1013.714289,26.51846913,29.15870647,24.24249511,11.57638191,69.34745292,36.51807228,no,5.028765259,0.835687465,7.961496986
142,1023.844111,22.69730747,29.47303576,17.23401002,18.32988129,86.17633774,79.49213889,no,7.163092386,91.17429075,19.26017085
143,1016.01518,23.25277495,31.1246726,19.64639005,17.35313655,68.75757565,98.2373895,no,9.981994923,22.50703246,10.45055196
144,1015.441754,31.11421389,30.9416562,20.47882098,16.05823182,83.79171075,16.50493895,no,5.365063059,86.7535953,13.57768887
145,1020.643577,21.56616812,24.15819486,18.5097508,14.70933364,74.14433518,24.44059676,no,8.237602109,41.95029379,5.326445381
146,1018.355525,22.7520357,24.75808203,16.53151659,17.12689887,63.01733639,6.516412358,no,5.697558051,72.54639642,0.037427704
147,1012.816441,28.13991972,25.18982825,29.8868899,15.78590699,68.73724364,31.26276028,no,1.219052805,40.4065532,26.69374114
148,1021.11558,22.44396447,26.13773334,25.24158356,18.28661387,82.42600977,96.07351569,yes,1.01669258,45.13261302,23.51490833
149,1017.342795,27.73217463,29.08356583,21.34150234,11.27723586,63.06611792,22.45225382,no,2.319524015,76.73582236,8.775317038
150,1019.849957,30.40250406,32.44045063,20.76847472,10.4250671,97.68656435,53.69267828,no,1.110547267,53.23113996,24.72502324
151,1024.526572,29.80196189,21.15144364,25.19608783,11.23904594,64.52693752,72.19113431,no,3.003988113,17.00797816,0.805235871
152,1011.731884,22.9661497,20.09211537,15.08707093,16.31524008,86.58155448,97.43690174,yes,1.044585395,98.37676045,20.73966188
153,1012.530637,31.23154331,28.13183058,17.85109884,18.39777905,63.54752674,43.17934227,no,3.189133309,45.76325735,24.37626015
154,1018.986644,22.37843748,22.94133811,24.37316833,13.58165624,80.50407207,45.0196741,no,8.511413099,4.769241014,20.19642355
155,1015.841308,22.09080522,29.8206765,27.06413064,19.314555,81.94199354,82.50291266,yes,3.305730982,90.77571206,26.73461019
156,1025.958139,20.47139588,28.63303427,21.3978771,18.83570325,74.26154036,26.86703755,no,1.245062199,62.17160006,5.790425417
157,1028.896133,27.10741961,20.95980953,24.68089661,15.15976788,62.98980491,75.07481821,no,7.551517419,6.282769418,28.34175181
158,1012.742013,23.93258186,26.08608159,18.78053817,13.08982272,62.51982504,97.93036797,no,8.097314347,27.72359841,15.97923324
159,1026.768782,20.03233983,21.01468996,28.36208252,15.74440529,87.88349222,71.76503949,yes,1.151053271,32.13535481,24.8928619
160,1020.267752,31.42759995,30.24245701,25.71409078,14.91702156,96.44442946,18.64334396,no,2.087871239,38.07236998,28.01219202
161,1026.975082,21.67288257,19.25993278,22.70621361,16.38534617,95.00650979,94.45601033,yes,1.650766667,98.42976673,22.32486937
162,1016.923485,30.13531976,24.40465067,15.01236833,19.79386346,82.20295251,43.66283362,no,0.617805697,17.59804767,5.163205821
163,1024.211002,21.32738141,18.12347721,15.56725112,16.25181343,66.0229751,37.40140443,no,4.62181669,36.74129539,7.681316125
164,1027.501715,34.76299,21.13786496,17.83353093,11.86717757,71.9865862,86.35080193,no,1.438379683,5.076796279,10.07454604
165,1013.324786,25.53001287,23.21285428,29.44030192,13.51439417,60.26153198,46.62474142,no,8.222833353,27.77590763,19.04395455
166,1024.475005,27.13971619,21.64221441,24.82619199,10.28495371,93.87460311,29.91310967,no,5.311993437,6.872800997,25.16998198
167,1024.640039,22.31327498,18.41093376,29.97121531,18.42617132,87.73546045,71.31506604,yes,4.971632207,2.971333143,27.17201661
168,1014.418496,27.64933795,18.63861355,24.60833001,10.68679291,90.89069437,98.88354042,no,7.101997347,11.00951427,4.44822653
169,1029.708864,32.25596303,21.91920634,19.08058085,11.72231441,78.41549715,42.51331883,no,2.682077939,11.20733794,22.6496259
170,1029.742712,24.47171835,32.43864802,19.67396709,17.3302883,96.91343793,97.37132817,yes,1.166004663,56.80362898,28.78906648
171,1021.79666,22.56881862,27.1525717,21.47909705,18.88602683,93.76791986,96.02073797,yes,0.590017796,34.69762962,22.67860408
172,1020.188938,31.7641367,22.69186116,16.08248024,14.0974274,95.67717957,58.84737494,no,7.425793605,83.08922142,28.41957113
173,1012.143094,24.18205121,32.31866503,18.64515011,19.80709429,66.65631976,77.81717738,no,1.396293501,64.76320286,8.787619003
174,1027.863333,27.2037273,28.70219666,20.84858309,10.16490503,66.44139424,16.29244811,no,6.16397513,70.81742772,23.6380966
175,1011.064796,21.01732573,32.80201554,24.44376302,18.20850677,82.60071308,91.60192535,yes,1.982426724,93.1886206,21.62886378
176,1014.301919,21.04612784,21.6562671,27.30285253,18.6411785,81.40825966,92.48645605,yes,3.828274129,72.3974611,25.37509743
177,1023.46753,24.42768176,27.99652843,29.23573902,15.98614367,94.91236035,91.90473259,no,6.971059142,7.256613817,1.913966813
178,1016.679915,25.09298698,28.15630887,25.8741654,13.32263273,86.42366401,3.358526238,no,4.549898975,2.220475086,28.39744865
179,1029.439552,31.00521536,24.20286922,27.22478063,11.46009313,95.4849289,47.07363432,no,4.468743014,59.3775568,25.1612995
180,1025.923242,24.08979215,19.84257907,21.62101628,18.13545772,83.41725112,97.20832549,yes,1.293039606,53.31207669,22.94388069
181,1021.388038,22.396577,27.65928767,19.49716061,12.77368934,91.85826965,89.8449263,no,9.838285534,82.30304924,22.23530721
182,1026.434475,21.44302367,21.90183284,24.62924327,19.71142436,88.99272611,2.428721368,no,6.919414741,8.09731977,29.65110572
183,1020.076805,33.08803742,27.6014164,18.62837086,14.62293526,64.48336196,37.39997071,no,1.064026819,1.418087718,27.50400044
184,1019.188442,21.13449461,27.20823709,15.49655093,16.50115442,87.71545251,71.3488605,yes,0.916398011,1.865710955,27.34893083
185,1027.597595,21.13449237,30.18708188,19.06221291,13.39214355,94.1623916,46.08548194,no,2.901707344,33.46146682,16.3177177
186,1017.242098,32.90499855,20.15769897,23.04391921,11.16922704,79.09333143,95.19846847,no,0.066764509,86.99604462,2.964726799
187,1023.047202,21.8403908,19.45883176,28.49153999,12.51742701,63.92604689,82.74790583,no,9.476934053,4.409220492,4.95160629
188,1021.639166,30.33032188,27.80483159,24.34354702,17.48852632,90.82879236,28.51819467,no,8.192760136,6.788884952,12.2170423
189,1027.000056,34.24579255,19.62797439,21.00056441,19.80564587,87.10367714,51.6193359,no,6.84953746,98.45199195,1.805841777
190,1029.409155,23.36255575,26.18804524,15.28318897,17.73256691,82.2861759,74.53012481,yes,2.192328781,93.24591443,23.25171118
191,1019.72103,30.02735318,29.52473322,19.14501612,10.48644721,64.56541914,43.49667981,no,8.693211541,56.6015048,22.64591035
192,1021.914653,27.19892801,21.23708962,22.16754639,13.22517871,75.56300708,65.52864709,no,6.762338659,78.02621394,22.92871767
193,1023.402865,29.17407336,28.1754069,25.19238619,18.54901061,67.17838759,23.70129051,no,0.996434125,56.38790792,29.51404743
194,1022.477752,22.04884618,18.51638516,29.66825982,16.81444584,96.09817518,85.81903512,yes,2.412467922,77.39438005,25.42514475
195,1023.103239,20.14499441,30.80542759,22.54783858,19.66951828,82.7157519,84.83706823,yes,4.617387681,72.9709784,20.65930677
196,1022.258337,23.08610566,18.1443851,29.92636086,15.73924839,72.7989899,74.02680484,no,3.543905865,54.90179263,29.48694072
197,1013.64517,20.43319031,29.69202198,21.67289142,19.74953628,62.99798747,34.83282598,no,2.695327379,82.62353478,5.418473539
198,1022.989683,24.79537132,28.73070937,16.97291015,11.46581266,61.51016808,13.10058881,no,8.8374791,93.44123693,4.209388878
199,1013.025755,23.33528952,31.55008403,20.27386465,19.33024995,92.85958526,94.51934301,yes,4.924942941,29.06611489,29.2679662
200,1018.463653,33.02029577,27.27071,16.01773745,16.99214517,73.27957788,23.78684552,no,0.506776959,8.307122932,24.6949624
201,1023.518091,22.1538257,24.2977143,24.7102728,17.0635118,86.69934042,92.11978604,yes,3.479175531,65.67800055,20.00694223
202,1024.046947,33.47378197,30.77276369,23.21856769,12.45763144,89.080202,14.97698119,no,4.309673003,0.210153143,4.540411052
203,1022.476689,26.74143105,27.87071479,22.97841709,17.34008571,77.2463172,70.99320535,no,0.4338666,12.2620697,23.43268473
204,1027.495889,32.75681291,26.63337425,26.55016868,11.99381807,70.22239101,49.10404614,no,2.153350194,71.11131622,1.26222961
205,1017.726914,20.21617848,19.7881637,21.14713383,15.01979699,94.54702106,76.0817572,yes,2.237844943,51.16593859,26.7924953
206,1026.555513,33.4596922,24.87182265,28.64809013,12.80069843,94.39053162,42.28223835,no,7.53561205,17.6989243,22.96836727
207,1011.720698,21.70997584,20.26921832,17.62109023,12.74259885,89.81567051,57.9792542,no,7.422575007,10.87704196,9.281545099
208,1015.401938,34.25636565,24.2782761,21.38752616,18.43316863,97.04508003,85.15922596,no,1.581383213,92.61047112,14.06620349
209,1011.622019,26.89144806,30.22654685,24.1390564,18.39737519,70.23232692,57.63535425,no,6.147985165,3.215790353,27.98692082
210,1014.665236,27.98024995,20.98311964,21.89269094,15.28046256,91.20769598,77.91470106,no,3.538427072,72.78597286,16.62254181
211,1021.364199,33.05590379,30.59829868,24.263984,10.60667531,69.59127256,49.22425088,no,1.459134941,47.5357701,26.24046172
212,1012.701182,20.0770955,26.005903,28.07207451,16.43071733,84.24019644,95.63326515,yes,2.272017157,17.77855832,20.72368989
213,1014.553929,21.07527014,22.40834166,16.0989497,15.42506331,82.28680411,87.80196719,yes,2.199635688,49.22222009,25.87476693
214,1025.679329,21.45321173,20.67191452,22.3119618,19.03357895,85.65624683,87.92747776,yes,1.141877471,96.13623572,29.35093122
215,1013.504216,27.41618712,27.65595904,19.96642526,11.90732492,96.81822716,25.3356994,no,7.562786005,60.85184003,29.35308977
216,1017.80775,20.95355207,29.51401287,23.24104091,16.64580205,96.6639664,84.84597682,yes,2.043848204,33.6921331,23.75517134
217,1014.69229,22.13838515,26.45483111,17.67106252,16.1208636,88.84361599,75.91699373,yes,1.311245992,13.11319153,27.45882184
218,1021.439047,32.28912152,31.98744397,15.35648294,19.89350818,96.62041562,8.325701901,no,5.4555698,99.23232884,5.317341809
219,1018.801212,21.2099288,27.10650198,15.65713044,12.52974669,67.07467299,39.47215781,no,0.589450673,39.10749894,19.09422338
220,1016.743334,24.20426009,30.55112661,26.35186667,18.82614719,81.89943561,92.33772382,yes,0.661377968,58.28720732,20.84219283
221,1012.297688,28.00977616,29.86429171,22.94356417,18.20505153,66.26750061,99.9041302,no,4.055332277,15.69290653,17.88657533
222,1020.856828,32.00868998,21.84300088,24.86927618,13.54044097,90.41391991,6.31864277,no,2.628455539,85.87158894,20.08257575
223,1019.953433,22.37165307,27.7646874,16.13660126,17.79729541,85.71658065,76.97088377,yes,2.122908013,62.87043285,25.37955245
224,1015.313071,20.69331198,19.73787105,25.61915887,14.38892006,75.61125633,15.15551988,no,7.261608117,94.37683296,20.77548622
225,1012.622461,23.6193003,23.02220913,19.77832624,18.60547174,95.70887082,81.44724449,yes,3.136087475,89.58336201,29.40465591
226,1013.559626,24.73101892,31.82601567,17.94446016,19.24222901,71.3035904,66.20302607,no,3.862599749,57.87942887,14.20975526
227,1027.951845,23.69512108,32.47006914,21.07696598,19.98539256,90.27300889,75.92598773,yes,0.454111267,13.07680503,27.87434326
228,1010.458227,21.5993076,25.9098787,25.20301001,12.71781546,81.01391991,46.46171824,no,2.027408551,37.73057882,0.808672567
229,1024.046568,23.62591118,22.31371474,22.29521728,15.24581434,80.18366806,98.80349405,yes,2.290032156,5.314278973,27.94986205
230,1019.133096,26.87857898,25.5025297,22.67565658,16.61585042,93.44022767,76.73086719,no,2.916157137,32.70538683,8.424443947
231,1016.354203,23.62282898,27.64339054,29.03334067,15.7925118,95.87475921,87.86540815,yes,1.123896041,24.14364954,25.43672606
232,1021.321168,24.10567081,19.48657572,25.51287095,17.13823292,96.50604388,84.60224778,yes,3.057545762,3.090965238,23.882661
233,1016.052086,23.90204886,30.82904421,15.80062482,17.49241761,98.89676568,94.77655343,yes,1.485109632,13.97487593,28.71446938
234,1019.788103,30.72208643,20.41372163,25.04396308,15.44322734,76.64103822,20.36029259,no,9.020920483,73.95330845,2.994310207
235,1014.563343,26.8861858,21.39718502,24.78864439,11.41342886,81.94614541,34.41521933,no,8.351172791,81.97904387,28.84518433
236,1029.77513,27.74557124,27.08621902,27.15937488,19.85316077,69.73598632,71.25342566,no,2.804879686,35.92852866,2.573121688
237,1022.138166,21.33906018,24.30758068,22.89675441,15.06863252,98.46716864,98.59871254,yes,3.947123529,98.83813502,25.1454998
238,1019.058073,22.24066536,29.81817748,19.46027759,15.18855518,80.07006136,81.3914031,no,3.707280997,13.86336,27.65418856
239,1023.393824,23.40096138,24.86131111,19.11085899,14.37291977,60.90106276,84.11177307,no,7.284679224,59.26594188,13.73805601
240,1022.766126,23.5602668,25.1344097,29.69731122,16.64081619,94.78224464,97.49649935,yes,3.41444544,65.76180034,27.39327364
241,1012.886117,25.41037042,27.77377078,15.81266588,18.44019026,98.62104133,78.16009268,no,7.757036541,47.32464739,20.49630721
242,1014.176553,22.42143291,25.00055724,15.34859301,12.23849687,61.27889145,96.89784407,no,8.7304413,41.14057876,6.104818062
243,1017.916452,31.9354702,27.83043661,21.21228666,17.40421462,83.09564788,55.09618549,no,1.526171351,38.33402725,23.34960932
244,1017.545933,30.05677267,31.42362023,17.3025556,19.73424684,60.45085444,77.98000597,no,2.005484721,35.69109553,2.916069449
245,1023.337364,23.6062059,20.54923466,20.46241144,19.13742792,86.58262424,87.43618969,yes,2.457567566,22.27537385,23.47766056
246,1018.51358,23.79824886,32.00736628,16.2204432,19.84186454,94.27477091,42.78679451,no,9.284021162,43.84531522,8.344357609
247,1012.102983,23.76932165,21.16556406,15.6748838,16.06763196,76.79066641,17.76372707,no,3.319625278,68.38063448,12.11682409
248,1029.979039,21.99579424,30.57976227,22.0678949,17.97474192,98.90685963,93.7410292,yes,4.422550998,66.06910681,22.37064099
249,1024.744941,24.28142918,31.02139612,27.88901818,16.35148033,88.94504868,84.23345294,yes,2.922394311,90.33971349,23.00850585
250,1020.104093,24.08507648,27.62157633,26.92227902,18.02435637,93.06285189,90.22272733,yes,0.511373028,77.34227225,24.25143896
251,1012.411466,20.93860724,26.50366685,20.98595865,16.95971278,95.63595859,75.38240711,yes,3.093356044,91.82635786,24.05454329
252,1015.90202,20.74778146,24.16837292,21.72800607,15.12451034,90.583515,71.4955755,yes,4.274903696,20.73617664,22.4750304
253,1016.454384,29.51868794,30.56968096,22.45375952,19.05594845,69.88446021,32.81070297,no,4.079796864,80.47222535,0.338838532
254,1015.146793,28.90471391,26.29015798,18.86815492,14.91677564,84.47248738,30.89002115,no,5.772738006,40.029363,6.349177902
255,1027.710853,23.54036676,22.13474146,24.85470844,17.38314667,96.02745046,94.4432377,yes,4.482537512,76.07500648,29.75939211
256,1013.809373,26.30330602,18.74588498,20.50588935,16.07593911,70.56515601,11.29236133,no,5.304890749,49.78970503,2.938721469
257,1011.837485,30.73437464,21.57448809,28.17846799,15.6187207,75.41217905,27.25424271,no,3.25259829,33.40350528,9.585466402
258,1020.192082,30.02999225,30.92913672,24.4955279,18.5486418,74.93474865,27.08202666,no,2.946031493,73.11484147,12.01349886
259,1020.648206,24.5543448,31.81098536,23.81120519,19.29200999,87.64956616,93.87174968,yes,4.735151288,56.7935831,26.34840297
260,1014.328199,21.02900304,19.12162673,20.0562213,16.22682017,76.82320947,30.79452604,no,7.95829282,90.18077257,13.2633954
261,1017.1938,25.84751978,20.89211161,22.01767789,18.46741191,67.37475039,98.55932565,no,0.434227847,20.33256232,25.29314548
262,1016.492969,31.58643896,21.84845279,21.49862988,10.48689711,92.77846488,50.41634642,no,8.825957712,8.213418704,25.9108824
263,1017.133594,29.88072499,32.82157079,20.14958147,10.87612812,84.56281441,90.86288272,no,1.34247038,75.32588093,5.442711485
264,1013.074352,23.89767827,31.13749177,29.72836363,18.55123205,92.64485194,83.56207328,yes,4.505898256,21.63436163,22.19314066
265,1028.850405,21.79223804,23.253643,23.41845578,18.37539238,97.66879627,58.11422904,no,3.372349189,94.08778277,25.47812847
266,1023.253804,32.78510595,29.2434866,27.12461361,15.2619823,60.5167027,12.40733049,no,5.088980064,79.12126384,17.65189323
267,1027.628677,28.14380241,29.08382273,15.70366169,18.59447926,67.86594501,2.953978233,no,9.300508736,60.45921185,28.13389991
268,1012.427838,21.98339019,28.90311105,21.37132218,17.79956951,84.82564087,84.38599945,yes,0.839586402,45.1992525,26.25867491
269,1022.113733,22.04243607,32.74249911,20.43928318,15.65437233,94.65167062,77.34870991,yes,0.103553578,79.73476051,28.01763821
270,1017.060351,22.60944194,26.34516356,25.81776831,12.04752875,69.8177917,23.29234102,no,2.443734861,36.42476769,22.28649981
271,1021.779014,20.29597841,30.20220144,16.35318636,15.17877005,82.21272902,73.87010904,yes,1.646238604,93.01700824,24.16036247
272,1024.131797,22.36513341,30.81971252,28.97787912,18.92889759,94.46657109,97.909862,yes,2.673518275,66.67481827,26.82731815
273,1026.147758,22.30313725,31.92109561,20.63911992,19.41345947,87.84024452,84.4789939,no,7.752920591,5.217851654,11.37919835
274,1024.489607,22.32406957,21.02074837,17.27345472,19.65546352,96.32233505,82.23930332,yes,4.593433829,57.5633133,29.84003994
275,1023.872869,20.73462238,25.71035707,26.56513613,19.20093413,96.27661198,75.295817,no,2.601030339,23.86106281,22.11819259
276,1022.966707,23.43924273,27.4617509,20.94114847,10.18019516,62.33348753,67.90872798,no,4.957501368,65.14870133,19.30777391
277,1016.385581,22.86358292,31.5962299,27.50945316,18.34492985,81.27590638,92.61836747,yes,3.6076,21.08989002,29.96774398
278,1027.771142,23.70667735,24.83196382,25.06884693,16.75307118,86.55802856,82.28523657,yes,4.62451664,84.67020507,29.51566858
279,1010.117662,23.20269934,28.24583899,27.81375611,17.82650478,99.05954327,84.28202696,yes,2.675845358,75.22524859,29.69475059
280,1027.709142,20.05580812,23.44835872,17.40482066,13.80935778,63.01571108,81.95163031,no,9.641549953,79.72432821,26.05277312
281,1019.161228,26.34693096,18.06517206,18.1321727,16.11568574,76.85752693,5.164742448,no,7.638962859,0.480560242,25.39960334
282,1016.419888,28.81940509,24.694721,28.40621674,19.09130928,77.25585119,47.34971932,no,6.769617472,39.4596213,16.88199493
283,1022.715145,22.06719094,18.16728895,24.96778237,17.45994183,85.43946401,70.18521176,no,9.272806086,91.45596472,15.65331337
284,1010.476891,24.57945495,27.64081391,29.66559379,15.69275647,81.71887435,44.05712786,no,1.403003548,0.118371422,20.44197598
285,1017.831035,31.10292674,19.55255994,17.14517645,18.10355012,60.46868377,73.37594043,no,5.831912744,36.21327702,25.32898017
286,1022.148953,23.6238767,26.0228469,29.21230241,16.21992749,97.48543431,87.96050853,yes,4.527368186,21.5967867,29.55619246
287,1021.524773,20.72975458,21.33412696,29.3372131,13.03404154,79.4913105,84.67776889,no,4.13848415,71.33715606,13.86916352
288,1028.783822,31.05288573,20.09000061,28.1073833,19.28144308,98.58056184,63.71206418,no,1.402183903,97.32391883,0.325310728
289,1017.60334,20.24648907,25.27224184,22.55328359,18.50103634,81.67721463,71.4112157,yes,2.151173041,99.17859289,24.8852928
290,1027.463496,20.08727981,24.828755,15.40990487,10.81996923,65.97031252,91.89219798,no,1.172310524,28.79447608,13.77565935
291,1016.492666,20.0834241,21.158702,29.95032874,16.08639221,66.62157186,42.17180641,no,9.469422244,10.58300526,21.69595968
292,1025.782025,32.00513921,29.74385384,26.78746141,17.00328572,90.19605402,31.10059362,no,4.975595261,87.30411676,2.76023945
293,1012.522063,24.10241747,20.28382033,19.07842598,12.36902133,68.16451096,28.1028139,no,1.295000751,73.18552288,12.79722013
294,1013.493828,24.60436325,23.91058467,29.25387719,15.5935527,90.7995563,94.14196048,yes,0.038000047,47.07550095,20.17135521
295,1020.464241,27.73311079,30.31261151,27.35198872,16.99608599,93.39521695,30.4550139,no,3.848708987,78.60432224,27.12944203
296,1025.580182,22.85556721,22.89547332,26.63915477,16.40689475,83.40239732,73.54052109,yes,0.869055296,89.11305719,24.76012707
297,1027.559998,20.51650313,23.30968354,16.13343974,14.31639789,68.44796099,0.346511728,no,7.058127852,77.42186896,12.47841201
298,1019.363833,22.57447223,21.5015689,19.99788754,11.46614026,90.77017963,68.79988252,no,9.382863502,11.99273169,21.5818205
299,1015.161251,29.27061557,32.70475393,25.12544469,11.13859398,68.94626768,75.59463023,no,3.166616001,24.92098709,11.51960323
300,1018.356425,25.28913718,25.29942234,23.48823821,19.63461658,82.94214182,12.34067315,no,3.71077368,54.61058144,29.93482944
301,1024.395453,25.0283999,24.0425207,26.78169364,18.77378347,82.74656006,27.15112677,no,5.087021473,19.22730381,20.73948668
302,1010.245705,29.36604526,22.54741021,20.43764298,19.91675934,61.61290901,82.01068414,no,6.85446108,57.77766997,14.6846701
303,1016.918392,24.98215473,24.12641331,15.20118661,18.88707271,88.17874847,97.236805,yes,4.60459215,43.66277636,29.6025535
304,1011.759172,22.80405553,19.81349456,17.04727848,18.56654587,90.31261743,72.03087607,yes,2.246593372,0.059763123,20.52769249
305,1015.010703,32.70240946,22.30517528,21.1814055,10.97389412,73.50986096,51.14174049,no,8.562874627,18.44817984,8.565397257
306,1024.94297,24.94840583,31.13864123,27.46456553,16.25943224,93.76990655,85.71373256,yes,2.365013272,72.46130659,27.98478526
307,1029.020827,21.91196579,32.47088022,29.73944813,16.22735636,93.61250045,89.38075744,yes,0.943411951,30.51947908,21.37651701
308,1015.682542,23.19513552,20.47645461,22.81436347,14.74680835,75.93229534,79.17266478,no,1.670967577,72.13521093,21.50529167
309,1025.524479,27.07813339,25.47240192,26.20631935,18.30156937,87.13128488,4.345464776,no,2.921484588,91.56040125,19.95205663
310,1012.238327,22.66062612,25.58995752,26.3687839,11.64581709,70.20025097,32.09321993,no,1.203940011,3.217840293,11.38160329
311,1019.08762,24.40789675,32.34275883,24.20822533,18.38370385,98.4386081,87.16607564,yes,1.964738646,66.2338306,21.20193735
312,1017.666893,21.69907876,20.31539704,21.27234758,17.5338396,88.94153566,82.41987649,yes,4.75170369,11.27072895,25.91203438
313,1016.575632,34.41729545,27.4654665,26.15237826,19.58249597,97.44162572,56.52557294,no,5.172754131,43.93926799,18.60347011
314,1025.062684,24.36172154,26.52873537,16.49679348,17.89165664,96.99418477,75.80221725,yes,1.095442511,14.78393682,24.60496574
315,1014.939719,21.54669867,19.17860526,28.59479746,18.91150986,82.50798315,93.13070645,yes,3.520019877,19.69027346,24.07427749
316,1027.130292,29.1355188,27.16624259,22.87636194,14.62877794,66.09625535,10.21699601,no,9.849133425,28.73210808,18.73718684
317,1019.902706,22.40798397,24.33181199,24.07331871,15.00907959,84.05691298,86.55004645,yes,3.648146231,71.09305864,24.44707241
318,1024.290229,22.69819614,31.43221863,29.4231135,18.09353077,82.06964948,85.99421854,yes,4.864541839,22.66725647,29.10694629
319,1020.973448,23.69888464,19.6454953,23.23421602,15.52728198,92.44929892,78.28351101,yes,2.752002886,89.52946427,29.33615895
320,1024.374029,29.42817341,22.54970275,17.42712277,13.4632396,68.49303048,85.71605743,no,1.681630617,67.64459127,26.39841348
321,1023.735704,21.48764107,29.28322016,29.67016189,11.37401361,89.27379312,71.54408986,no,6.7509341,94.87815014,2.655329291
322,1026.935282,20.51570269,19.92916179,18.36321867,19.86695519,92.26946562,85.0746204,yes,0.208927003,28.99325969,22.550506
323,1016.588058,23.9835917,24.75936572,26.38174288,16.41562755,92.87981299,76.05878206,yes,0.775557938,71.94109483,20.62019777
324,1027.190473,24.17033986,24.5344475,23.67298671,11.16064411,96.45867674,40.60564958,no,5.612574837,8.665845922,21.41663149
325,1010.790636,30.395798,20.21758703,25.12165631,16.32920335,72.86629505,1.963866827,no,6.078548894,18.96089388,20.76577398
326,1014.374733,22.81669345,24.19397753,15.32370229,16.6506152,92.93025811,92.13124966,yes,1.375540446,26.37779424,22.0882772
327,1026.542663,20.46794375,24.89953314,23.90865064,11.87550924,84.58735373,7.406828816,no,8.550354048,25.79012728,29.14730686
328,1010.658442,23.96237204,29.5054369,25.1932198,18.14039175,95.60409416,85.50850563,yes,2.292643317,72.96045423,25.00093994
329,1022.856238,28.85652875,31.12286024,20.01488396,13.49890375,72.00127141,90.8263709,no,0.16166234,63.62773089,25.10787184
330,1027.961458,23.63587077,32.10129026,19.83692006,15.73693572,94.24250948,95.55111849,yes,3.516732768,47.82771648,21.52780688
331,1010.42354,34.31280515,26.29583266,21.58112143,13.70566216,61.93083475,60.96994606,no,7.852909514,57.91132035,26.25893708
332,1010.542934,24.01019077,27.64887277,23.95341198,17.38878928,91.78033827,53.39276926,no,4.845682931,56.89487978,15.62438692
333,1022.23929,26.37462851,22.64614816,20.64739723,16.53759245,86.98913373,78.14495708,no,1.466503191,47.74946771,0.871896329
334,1016.02117,20.55661694,19.15146858,18.37054796,16.10693909,86.8994,81.31243757,yes,0.01742469,42.09680704,24.7496613
335,1025.171602,32.23492674,24.13573319,19.49659303,14.85886131,92.71271702,35.99235796,no,0.238092151,20.04694601,19.02518092
336,1016.781804,23.20040689,25.49959206,19.1679806,17.70166502,96.60506339,86.06078705,yes,3.084142711,91.08895248,27.49264706
337,1016.640336,22.70398547,32.25775522,15.82281624,17.20931959,86.81130284,87.53063206,yes,3.104299616,92.5261276,21.12861778
338,1020.598523,27.40518446,31.70188946,19.35592236,12.34297055,70.12831702,94.51942608,no,9.934814954,22.67300147,26.17209497
339,1023.180908,21.14665095,19.99952227,28.31062336,16.04429783,83.75160647,79.40207399,yes,1.78510165,67.24257699,25.48999795
340,1013.968219,32.78030042,32.71247822,17.36247376,14.98649465,62.03190049,36.28649852,no,7.190923715,84.68933966,10.99301485
341,1018.32769,32.11252537,29.04354245,17.63947019,14.93674462,85.1393373,10.78807356,no,1.415449444,64.06007982,28.6913298
342,1015.314882,33.76617115,24.98676376,22.34730967,18.35470769,92.96697466,0.683026501,no,6.34336855,37.4957636,11.38033129
343,1027.789611,27.16977735,18.93278207,19.78196473,11.54206688,87.95959963,16.60706574,no,5.420674668,51.5232315,5.196545809
344,1013.971308,29.96467776,32.36385656,23.40053686,14.73282755,66.10439379,46.28179438,no,8.511314789,42.14937617,0.376153349
345,1024.235066,29.20034214,30.84734442,27.34735878,12.97313614,87.45808947,72.72995343,no,6.072985392,25.50087499,7.748993861
346,1011.300396,24.29656172,20.5181515,16.49366567,17.44836165,68.79728766,7.004477283,no,3.683076083,65.95784842,24.78157717
347,1010.912678,20.48457362,18.88569457,15.68329135,15.80941876,97.35447085,71.34300915,yes,3.830832889,9.725172252,27.22541109
348,1011.46974,33.77756791,26.65771018,23.01481736,10.86726044,98.86990969,33.72736248,no,2.148358216,44.72298663,18.60258438
349,1026.005014,22.19412841,31.21607276,24.48758055,15.17000316,92.49132694,84.74029909,yes,0.32249129,42.10854152,23.46102763
350,1023.986932,23.27890593,32.2964887,19.83287206,18.28711342,81.23582886,99.1487047,yes,4.852718864,3.144466234,21.72867011
351,1014.5084,23.86494234,20.97109898,25.76547684,14.34781531,87.87707345,84.13485222,no,2.958717701,55.68689952,10.60741692
352,1028.670712,21.19351207,18.35798879,26.82392422,11.24409394,94.24059762,64.62486123,no,0.533567981,93.50352216,21.01118673
353,1028.514759,24.78421621,28.67195047,20.79699256,16.61040526,99.02084234,88.97726119,yes,4.864698841,56.0416483,28.3888914
354,1023.631073,21.6910777,30.16550099,23.50875084,10.8271713,81.93337975,40.95711001,no,4.534667317,26.17992634,22.79599492
355,1020.700351,29.24706648,19.82329064,17.4251812,19.34098018,62.27048595,93.09728686,no,5.917516511,45.3347583,4.377488904
356,1019.297043,26.00814908,25.94831259,18.65909882,12.96017414,60.65171261,55.05504608,no,7.179380767,72.55648192,1.139525527
357,1019.343712,32.16326904,18.26937993,23.18348479,10.15903438,66.49972679,91.55642096,no,5.553462304,25.67871053,6.256196526
358,1021.659847,29.25153915,29.38036411,19.35283805,13.14894758,99.51312392,83.8268216,no,1.406552946,96.24098036,7.827992852
359,1015.175164,20.86318965,19.82600149,16.08588201,18.53234192,97.82232922,72.44622651,yes,1.320254429,26.6039576,22.36766567
360,1014.849607,21.09149256,23.43056502,23.21088359,11.12160528,72.34144276,47.61844205,no,0.057587416,74.54083203,17.16846643
361,1019.579507,27.320185,27.34031248,24.79207278,15.34918039,97.59537472,88.94813906,no,4.189503328,22.21207847,10.9009074
362,1027.985226,31.54762904,27.20578572,20.13861773,14.62688013,78.80648884,5.566581784,no,8.208152527,18.20674287,10.12157852
363,1019.087953,22.98092691,31.80336367,22.96696553,17.59740955,95.06743555,82.60875354,yes,0.681024891,97.63077132,25.92262776
364,1020.511268,28.41206843,24.8605243,15.16958671,17.55796291,84.55408197,78.89734188,no,7.898687607,35.92159317,12.62522896
365,1026.215327,23.58248336,22.99262363,21.58607518,11.08052163,76.96826417,56.18420335,no,2.287559812,4.8056542,3.079225513
